{"cameraMode":{"drawMode":0,"name":"Shaded","section":"Shading Mode"},"sceneLighting":false,"audioPlay":false,"sceneViewState":{"m_AlwaysRefresh":false,"showFog":true,"showSkybox":false,"showFlares":true,"showImageEffects":true,"showParticleSystems":true,"showVisualEffectGraphs":true,"m_FxEnabled":true},"in2DMode":false,"pivot":{"x":1.1275771856307984,"y":0.1412050724029541,"z":2.9802322387695315e-8},"rotation":{"x":-0.06041398271918297,"y":0.9031240940093994,"z":-0.13539592921733857,"w":-0.40298545360565188},"size":0.7191034555435181,"orthographic":false}